title,score,id,subreddit,url,num_comments,body,created
Co ostatnio tak duzo helikopterow?,0,1cr3f0z,gdansk,https://www.reddit.com/r/gdansk/comments/1cr3f0z/co_ostatnio_tak_duzo_helikopterow/,3,"Przez ostatni tydzien codziennie widze i slysze po kilka helikopterow krazacych po Gdansku, jakis event/cwiczenia?

Nie wiem czy zwiazane, ale widzialem rowniez  radiowoz rodem z NYPD z oznaczeniami.

Whats up with that?",1715617344.0
ğŸ±,0,1cqfx7x,gdansk,https://www.reddit.com/r/gdansk/comments/1cqfx7x/_/,0,"Hi fellas, any one down for a game at green club, I looking for international friends to hangout. ğŸ‘€ 

FYI, I am a 25 years old dude, I have been living here almost 1.5 years. ",1715542390.0
Invitation to research,0,1cqf4ff,gdansk,https://www.reddit.com/r/gdansk/comments/1cqf4ff/invitation_to_research/,0,"Dear guest! We invite you to participate in the following survey in the scope of our psychological research.

The aim of our research is to investigate the factors that affect the academic performance of students. To participate in the research, you are required to be a student of an â€œon-siteâ€ Bachelor/ Master/ Doctorate program and to be studying in Poland (Erasmus students who temporarily study in Poland are not eligible for the research).



[https://forms.office.com/e/thjfft1BYU](https://forms.office.com/e/thjfft1BYU)",1715540310.0
Where should i get a haircut ,0,1cqaosn,gdansk,https://i.redd.it/aw6rw7bym00d1.png,15,"i will be in gdaÅ„sk for a while, and im planning on getting a haircut here, I'm really bad at finding information online so i decided to ask here.
does anyone know a good place to get this type of haircut? 
im really stressed about it because i heard a lot of stories about hair stylists messing up and making a compleatly different haircut

i could add only one picture 
so i will also shortly describe what i want
i really want to have curtain bangs and it has to be layered 
i really dont want to accidentally end up looking like willy wonka

thank you in advance ",1715528480.0
Solo traveller looking to socialise in GdaÅ„sk ,0,1cq9v1f,gdansk,https://www.reddit.com/r/gdansk/comments/1cq9v1f/solo_traveller_looking_to_socialise_in_gdaÅ„sk/,3,"
Hey everyone! I was just wondering if there is anywhere you would recommend/things to do for solo travellers to meet fellow solos and make friends? In Gdansk for the week :)",1715526218.0
In gdansk for 10 days working remotely. Any recommendations? Iâ€™m love to explore around and even move to a nice spa with thermal water at some point.,1,1cq810r,gdansk,https://www.reddit.com/r/gdansk/comments/1cq810r/in_gdansk_for_10_days_working_remotely_any/,1,"I also hear that longevity centers are here and there are various medical centres specialised on this. Any tips

Also, spa or similar recommendation for for around Gdansk? Thank you",1715520945.0
Best Ice cream/ Gelato in Gdansk,1,1cq7qkb,gdansk,https://www.reddit.com/r/gdansk/comments/1cq7qkb/best_ice_cream_gelato_in_gdansk/,11,"Witam

I am looking for some lody recommendations.
I like the extra creamy ones.

I have tried Paulo Gelateria and few others as well and didnâ€™t get the taste which I am looking for, I did like the one in Dolce Caffe and looking for somthing similar.

Any recommendations are highly appreciated.

Thanks",1715520045.0
SoirÃ©e francophone ,3,1cq68nw,gdansk,https://www.reddit.com/r/gdansk/comments/1cq68nw/soirÃ©e_francophone/,4,"Hello is there some sort of soirÃ©e francophone group in GdaÅ„sk? I know there is one in Katowice, but I moved to GdaÅ„sk recently and would love to go",1715515135.0
Gdansk vs Gdynia Tickets,0,1cq5b2h,gdansk,https://www.reddit.com/r/gdansk/comments/1cq5b2h/gdansk_vs_gdynia_tickets/,1,Does anyone know if there is a reselling website or similar for tickets to Gdansk vs Gdynia this weekend?,1715511607.0
Boeing Gdansk,1,1cq3utq,gdansk,https://www.reddit.com/r/gdansk/comments/1cq3utq/boeing_gdansk/,4,"Hi all, does anyone here work at Boeing in Gdansk, especially in the electrical part? If so, could you share your opinions? Iâ€™m thinking on applying as I have some experience, but I also have an offer from another company and I donâ€™t see if itâ€™s worth trying or not.",1715505482.0
followup from yeaterdays post. thank you.,28,1cq398g,gdansk,https://i.redd.it/rchvn89ziyzc1.jpeg,5,,1715502930.0
Does and donâ€™t ,2,1cq1mjb,gdansk,https://www.reddit.com/r/gdansk/comments/1cq1mjb/does_and_dont/,4,"Iâ€™m landing in GdaÅ„sk on Tuesday, name a few things I canâ€™t miss while visiting. 
Also, whatâ€™s overrated? ",1715495992.0
Aurora,5,1cpmsua,gdansk,https://www.reddit.com/r/gdansk/comments/1cpmsua/aurora/,4,Hey i was planning to go to the cross (gora grodowa) because i heard yesterday people saw the northern lights . Any idea what time or any specific place i should go to see this . Please any help is appreciated ,1715449079.0
IIHC ,0,1cpk029,gdansk,https://www.reddit.com/r/gdansk/comments/1cpk029/iihc/,0,"Hi guys, any good places (pubs, beer gardens) where to watch IIHC games in Gdansk? ",1715441324.0
hi do yall think the northern lights will appear again tonight?,1,1cpbidp,gdansk,https://www.reddit.com/r/gdansk/comments/1cpbidp/hi_do_yall_think_the_northern_lights_will_appear/,13,"^ also where do you recommend to spot the lights? im considering the spot near gdansk airport where people plane spot.

either that or somewhere in sopot",1715410960.0
Why is there so many people?,0,1coyyz8,gdansk,https://www.reddit.com/r/gdansk/comments/1coyyz8/why_is_there_so_many_people/,35,"Im out tonight and every place is jam packed. Like no seats 30min wait to bar packed. Im from a small town but this seems almost excessive even for massive town like Gdansk. Is this normal or is there like a Taylor Swift concert tommorow?

EDIT

Walked around ""long"" Street about 7 times now and im starting to seriously consider my life choices. Thinking about stuff like sobriety and lifes meaning (3h no piwo) Got asked by every stripclub if I wanted to se boobies and also got some ""are you gay bro"" remarks when i politely declined. Got asked by a prostitute when i walked back to my apartment and aslo by some dude my age if i wanted to bye some zaza. All this got me thinking real deep about the choices we make in life and their inevitable consequences. Like is drinking your socks of every weekend really the pinacle of living. Is there really no more to it. Using our limited time in this place for such ""recreational"" activities. All you have to show for such deeds are a fucked up sleep schedule and herpes. Man one night in a big town got me all kinds of fucked up. Might become some radical mongoloid living in the deep forests of sweden after this night. ",1715372058.0
Different types of beer,0,1coxwku,gdansk,https://www.reddit.com/r/gdansk/comments/1coxwku/different_types_of_beer/,3,"Hi guys, 
Does Poland have different types of beer like honey beer or cranberry/cherry beer? Where to find it?

Thanks.",1715369322.0
Hockey ,1,1cob5dc,gdansk,https://www.reddit.com/r/gdansk/comments/1cob5dc/hockey/,1,"
Hello, is there any pub in GdaÅ„sk where I can watch hockey championship matches ? For example today Slovakia vs Germany? Thanks ",1715296994.0
Praca magisterska/ masters degree,0,1cnu90f,gdansk,https://www.reddit.com/r/gdansk/comments/1cnu90f/praca_magisterska_masters_degree/,2,"Hej! PrzychodzÄ™ do Was z proÅ›bÄ… o pomoc w zebraniu respondentek do mojej grupy kontrolnej do pracy magisterskiej, badam kobiety w spektrum autyzmu. MÃ³j temat dotyczy zwiÄ…zku pomiÄ™dzy aleksytymiÄ… a sygnaÅ‚ami interoceptywnymi i Å›wiadomoÅ›ciÄ… wÅ‚asnego ciaÅ‚a u kobiet z ASD.
ğŸ¥°BÄ™dÄ™ miaÅ‚a do Was jednÄ… malutkÄ… proÅ›bÄ™, a mianowicie muszÄ™ uzbieraÄ‡ teraz uczestniczki do grupy kontrolnej ( potrzebuje ok.90) - ktÃ³ra umoÅ¼liwi mi porÃ³wnanie wynikÃ³w kobiet zdrowych ( neurotypowych) z grupÄ… kobiet w spektrum autyzmu! ğŸ¥°BÄ™dÄ™ bardzo wdziÄ™czna jeÅ¼eli znajdziecie 10-15 minut na wypeÅ‚nienie kwestionariusza, lub jeÅ›li moglibyÅ›cie chociaÅ¼ udostÄ™pniÄ‡ mojÄ… ankietÄ™ aby wiÄ™cej osÃ³b mogÅ‚a jÄ… zobaczyÄ‡ i wypeÅ‚niÄ‡! ğŸ¥°Zapraszam do wypeÅ‚niania kobiety deklarujÄ…ce siÄ™ jako osoby ""zdrowe""-( neurotypowe) BEZ zdiagnozowanego ASD - spektrum autyzmu, w wieku: 18-45, bez uzaleÅ¼nieÅ„ ğŸ¥°DziÄ™kujÄ™ z caÅ‚ego serca za pomoc i zainteresowanie! PodzielÄ™ siÄ™ wynikami ze wszystkimi, ktÃ³rzy wezmÄ… udziaÅ‚ w ankiecie!

Oto link do badania: ( moÅ¼na teÅ¼ wypeÅ‚niaÄ‡ na telefonach)

https://ipsuj.qualtrics.com/jfe/form/SV_8zRoqHjPJmXW3ae",1715251668.0
How is the gps situation in Gdansk,0,1cnqu64,gdansk,https://www.reddit.com/r/gdansk/comments/1cnqu64/how_is_the_gps_situation_in_gdansk/,16,Planning a car trip to Gdansk in june and I'm wondering if the city has been affected by Russia's gps jamming shennanigans considering the proximity to KrÃ³lewiec. Will be visiting Gdynia and Sopot as well. ,1715237384.0
Tri athlete travelling options to tallin,1,1cn9sh7,gdansk,https://www.reddit.com/r/gdansk/comments/1cn9sh7/tri_athlete_travelling_options_to_tallin/,3,"Hey, i have friend visiting over, with Schengen visa, he is participating in iron man this summer, in tallin estonia. What are the best possible option for travelling from gdansk to tallin with road bicyle and other stuff required for tournament.
Thank you for your great help
",1715188100.0
Sklepy muzyczne/z pÅ‚ytami,2,1cn3vf7,gdansk,https://www.reddit.com/r/gdansk/comments/1cn3vf7/sklepy_muzycznez_pÅ‚ytami/,11,"Hejka! Wiecie moÅ¼e gdzie kupiÄ™ pÅ‚yty cd/winylowe/kasety? JakiÅ› sklep specjalistyczny/antykwariat?

 WchodzÄ… w gre nowe i uÅ¼ywane + moÅ¼e jakiÅ› fajny sklep muyczny, poza riffem i gamÄ….",1715172907.0
Anyone want to meet?,0,1cmg0ie,gdansk,https://www.reddit.com/r/gdansk/comments/1cmg0ie/anyone_want_to_meet/,15,Anyone want to go pubbing tonight? M21. Landed in Gdansk today and have no idea what/where I'm going/doing. ,1715099200.0
Places to eat,0,1cmbocv,gdansk,https://www.reddit.com/r/gdansk/comments/1cmbocv/places_to_eat/,9,What restaurants would be good place to eat for good food but not too expensive?,1715087781.0
Do I need a VIP ticket to be front row in Opener Festival?,0,1clwufn,gdansk,https://www.reddit.com/r/gdansk/comments/1clwufn/do_i_need_a_vip_ticket_to_be_front_row_in_opener/,3,"Iâ€™m going to see Foo Fighters at Opener and Iâ€™d love to see them front row but I donâ€™t know if I can do so with a regular ticket. Iâ€™ve been to some festivals and some require VIP tickets to be at the front of the stage and some have VIP tickets with seats further back. On the website it says you have a bar and reception and seats if you buy VIP so I think the front stage would be regular tickets but Iâ€™m not entirely sure. I see some pictures from past years and thereâ€™s a separate front of stage area. People who have been there past years, can you help me with this please? Thank you ",1715036508.0
Fryzjer MÄ™ski ,3,1clpxso,gdansk,https://www.reddit.com/r/gdansk/comments/1clpxso/fryzjer_mÄ™ski/,8,"Siemka,

Jakiego znacie najtaÅ„szego fryzjera mÄ™skiego w GdaÅ„sku ? ObojÄ™tnie jaka dzielnica ",1715019260.0
Driving license as a foreigner.,3,1clkuvs,gdansk,https://www.reddit.com/r/gdansk/comments/1clkuvs/driving_license_as_a_foreigner/,12,"CzeÅ›Ä‡! 
 
Hey guys, so Iâ€™ve been living in Gdansk for a while and Iâ€™m thinking about getting my driver license. I do have a running one in my OG country but unfortunately as far as I understand I canâ€™t equalise it here. So my question is what is the process to get a driving license here? And can I get it if I donâ€™t speak Polish? (Iâ€™m learning I promise). I do have a karta pobytu if that matters. ",1715006827.0
Rave/underground party comming weekend in gdansk?,1,1cleyul,gdansk,https://www.reddit.com/r/gdansk/comments/1cleyul/raveunderground_party_comming_weekend_in_gdansk/,6,"Looking for local rave / techno / underground party 10th or 11th this week, anyone know any clubs or events that is good? Will be visiting Gdansk this weekend, never been, but also want to be able to go out and have a good time, dance, and see the local music scene.",1714988204.0
/spawn mevo 150,75,1ckyukh,gdansk,https://www.reddit.com/gallery/1ckyukh,3,,1714936319.0
Recommended place for affordable lunch downtown for a for school trip?,1,1ckqrv9,gdansk,https://www.reddit.com/r/gdansk/comments/1ckqrv9/recommended_place_for_affordable_lunch_downtown/,13,"I will be taking a group of 20 students to Gdansk (middle school). Almost all planning is complete but we are missing finding one suitable place where we can just ""drop by"" for lunch and get lunch at <50 PLN pp. Ideally seated, and no reservation required...

Any suggestions?",1714914129.0
Folk dance lessons,0,1ck6j7r,gdansk,https://www.reddit.com/r/gdansk/comments/1ck6j7r/folk_dance_lessons/,1,"Good evening,

Could anyone tell me if there are lessons of folk/traditional Polish dances in GdaÅ„sk or Gdynia? I am a beginner.

Thank you",1714846150.0
Rugby bar ? ,3,1ck34ty,gdansk,https://www.reddit.com/r/gdansk/comments/1ck34ty/rugby_bar/,8,"Hi ! I'm a French tourist in Gdansk with my girlfriend.

We would like to see the Toulouse - Harlequins game tomorrow afternoon, do you have a bar recommendation for us ? 
It looks like a lot of sport bars will be showing football games tomorrow.

Thanks",1714837127.0
The Tram System of GdaÅ„sk,3,1ck08ip,gdansk,https://youtu.be/k01hF420Nw4?si=KGzUsWpsUlG4U2TO,1,,1714828962.0
Hostele,0,1cja5y8,gdansk,https://www.reddit.com/r/gdansk/comments/1cja5y8/hostele/,5,"Hej, planujÄ™ krÃ³tki solo wypad do GdaÅ„ska, nigdy nie byÅ‚em wiÄ™c nie orientuje siÄ™ gdzie co itp. Czy ktoÅ› moÅ¼e poleciÄ‡ fajny, spokojny hostel? Jesli ktos ma jakies tipy gdzie co isc itd to tez jak najbardziej przyjmÄ™ :D",1714746779.0
Nudist beach,7,1cj7mfh,gdansk,https://www.reddit.com/r/gdansk/comments/1cj7mfh/nudist_beach/,2, Is there a good beach for nudists in Gdansk?  Is it difficult to find?  Do a lot of people go to it?,1714739805.0
Stutthof executions Biskupia Gorka,0,1cipi2k,gdansk,https://www.reddit.com/r/gdansk/comments/1cipi2k/stutthof_executions_biskupia_gorka/,2,"Hello people of Gdansk, for a historical research of the Stutthof trials I'm looking for the location of the executions of the guards on July 4th 1946. I know it was on the hill Biskupia Gorka  but I struggle to find the exact location. Does anyone know where it is or have any information of what happened to the site?

Thanks in advance!",1714680640.0
Przeprowadzka do GdaÅ„ska,7,1cig5ct,gdansk,https://www.reddit.com/r/gdansk/comments/1cig5ct/przeprowadzka_do_gdaÅ„ska/,65,"Siema GdaÅ„sk,

PiszÄ™ posta o tym Å¼e wraz z rodzinÄ… przeprowadzam siÄ™ po 17 latach mieszkania w Poznaniu do GdaÅ„ska.

BÄ™dziemy mieszkaÄ‡ na Morenie i przeprowadzamy siÄ™ tam 21 czerwca. Dla dzieciakÃ³w mam juÅ¼ ogarniÄ™te przedszkole, mieszkanie jest bardzo fajne i jest doÅ›Ä‡ blisko parku krajobrazowego. Wraz z Å¼onÄ… pracujemy z domu wiÄ™c w sumie to wszystko jedno czy w poznaniu czy w GdaÅ„sku jesteÅ›my 

OgÃ³lnie sÅ‚abo znam GdaÅ„sk i mam wielkie oczekiwania, to bÄ™dzie wielka zmiana w naszym Å¼yciu i mam milion planÃ³w. ZarÃ³wno takich do GdaÅ„ska jak i do siebie samego.

WidzaÅ‚em na mapie Å¼e w okolicy mieszkania sÄ… baseny wiÄ™c chciaÅ‚bym zaczÄ…Ä‡ tam chodziÄ‡ ... no nie wiem ile ale wiÄ™cej niÅ¼ raz w tygodniu, chciaÅ‚bym objeÅºdziÄ‡ rowerem caÅ‚y park kraobrazowy i caÅ‚e miasto. ChcÄ™ duÅ¼o chodziÄ‡ do lasu, poznaÄ‡ miasto, chcÄ™ zobaczyÄ‡ wszystkie atrakcje, posiedzieÄ‡ latem nad morzem a i zobaczyÄ‡ jak tam jest zimÄ….

GdaÅ„sk wydaje mi siÄ™ odrobinÄ™ taÅ„szy od Poznania (przedszkole jest taÅ„sze - 2 restauracje w ktÃ³rych byÅ‚em teÅ¼ ale tak odrobine)

To bÄ™dzie wielka zmiana dla mnie i rodziny, w Poznniu mamy malutkie mieszkanko i w 4 osoby to wchodzimy tam sobie na gÅ‚owy a w GdaÅ„sku bÄ™dziemy mieÄ‡ wiÄ™ksze. Jestem totalnie oczarowany nowym Å¼yciem i miejscem w ktÃ³re trafiÄ™.

OgÃ³lnie to nie mam Å¼adnych pytaÅ„ bo sam chcÄ™ poznaÄ‡ wszystkie zakamarki GdaÅ„ska i okolic, ale jeÅ›li macie do polecenia coÅ› dla nowego mieszkaÅ„ca co wszystko robi z dzieÄ‡mi to dajcie znaÄ‡

WidziaÅ‚em Å¼e macie super aquaparki w trÃ³jmieÅ›cie, widzialem Å¼Ä™ sÄ… stadniny koni, jump areny, place zabaw.

O rany nie mogÄ™ siÄ™ doczekaÄ‡",1714657742.0
Summer activities ,1,1ciegml,gdansk,https://www.reddit.com/r/gdansk/comments/1ciegml/summer_activities/,2,Hey wanted to know potential summer events in Gdansk for next two months for age range 21-25 . Can be anything from pottery to partying :)) thanks ,1714653018.0
Hiking options near Gdansk?,2,1ciciwb,gdansk,https://www.reddit.com/r/gdansk/comments/1ciciwb/hiking_options_near_gdansk/,7,Hello!  I will be in Gdansk for about a week in late June. I am wondering if there is any interesting hiking in forests or hills that is easy to access by bus or train (we are not coming with a car).  I am assuming that it will be warmer this time of year but not as hot as Spain since it is on the coast.  Any advice on how accessible hiking is at that time of year would be great as I think a couple of days will likely be enough to see the city.  Any recs appreciated!,1714646797.0
Airport traffic on holiday?,2,1cib7fj,gdansk,https://www.reddit.com/r/gdansk/comments/1cib7fj/airport_traffic_on_holiday/,4,"Hi, thank you for all the existing posts on GdaÅ„sk public transport, they have been so helpful.

We need to get to the airport tomorrow morning from GdaÅ„sk GÅ‚Ã³wny. But since itâ€™s a holiday, according to Jakdojade, it looks like the (hourly) bus will actually be faster than the train in this case.

My question: is the road to the airport likely to be heavy with traffic tomorrow (Friday 3 May) morning around 10-11am?

If itâ€™s too risky we would opt for the train instead of bus/Uber/Bolt, even if itâ€™s likely to take a while.

Thank you, and have an excellent 9-day weekend!",1714641564.0
Goat tags?,191,1ci9ywp,gdansk,https://www.reddit.com/gallery/1ci9ywp,27,Always wondered what do those goats tags mean all around Przymorze?,1714636234.0
â€NadszedÅ‚ czas walki klas!â€. 1-majowa demonstracja w GdaÅ„sku,1,1chwohi,gdansk,"https://www.zawszepomorze.pl/artykul/13546,nadszedl-czas-walki-klas-1-majowa-demonstracja-w-gdansku",0,,1714596159.0
Getting cardboard boxes from stores ,2,1chrd7n,gdansk,https://www.reddit.com/r/gdansk/comments/1chrd7n/getting_cardboard_boxes_from_stores/,3,"Hey everyone! I need some cardboard boxes to pack stuff in for a move.  

Where I come from, we can go to grocery stores/ clothing stores etc and ask if they have any spare cardboard  boxes then can give ( sometimes free or for a very minute cost) instead of throwing it in the garbage. 

Is this a practice here? Do you know any stores we can try? 

( I know we can buy new boxes at Castorama and things but wanted to check if this was a possible option .) 

Thank you! ğŸŒ¸",1714583195.0
randkowanie po 30-stce,84,1chle5i,gdansk,https://i.redd.it/a2beapqkatxc1.png,2,"Hej, mam pytanie gdzie w GdaÅ„sku moÅ¼na poznaÄ‡ nowych ludzi? 
Nie jestem typem imprezowym wiÄ™c Kwadratowa, 100-cznia, ElektrykÃ³w, b90, sfinks to nie moje klimaty. 

Tinder, Badoo, Boo, Adopte to platformy na ktÃ³rych jest dosyÄ‡ tÅ‚oczno i odnoszÄ™ wraÅ¼enie Å¼e algrotym dziaÅ‚a w taki sposÃ³b aby jak najdÅ‚uÅ¼ej utrzymaÄ‡ uÅ¼ytkownika na platformie bez powodzenia i ciÄ™Å¼ko tam utrzymaÄ‡ pÅ‚ynne rozmowy. 

MyÅ›laÅ‚em bardziej o szybkich randkach, lokalnych grupach FB lub subredditach o takiej tematyce? 

Jak to waszym zdaniem wyglÄ…da? ",1714567873.0
Skrytki bagaÅ¼owe na dworcu autobusowym,2,1chgnzu,gdansk,https://www.reddit.com/r/gdansk/comments/1chgnzu/skrytki_bagaÅ¼owe_na_dworcu_autobusowym/,5,"Hej mam pytanie, zostaÅ‚em sobie bagaÅ¼ w skrytce tej automatycznej na dworcu autobusowym i na stronie PKS jest napisane Å¼e w dni i Å›wiÄ™ta sÄ… czynne do 18.00. Czy to znaczy Å¼e po 18.00 nie da siÄ™ wyjÄ…Ä‡ bagaÅ¼u? I don't get it myÅ›laÅ‚em Å¼e chodzi o to w tych automatycznych Å¼e moÅ¼na caÅ‚Ä… dobÄ™ odebraÄ‡.. ProszÄ™ o pomoc :pp",1714550711.0
W jakim barze obejrze mecz Bayern - Real Madryt?,0,1cgrlft,gdansk,https://www.reddit.com/r/gdansk/comments/1cgrlft/w_jakim_barze_obejrze_mecz_bayern_real_madryt/,1,"Gdynia/Sopot rownieÅ¼ wchodzÄ… w grÄ™ 

serdecznie pozdrawiam i Å¼ycze miÅ‚ego dnia",1714480032.0
Good english speaking therapist?,3,1cg8a16,gdansk,https://www.reddit.com/r/gdansk/comments/1cg8a16/good_english_speaking_therapist/,13,"Hey guys, would you happen to know where can I find a good english speaking therapist? preferably near Garnizon? and if not, and idea where I can look for one? Thanks. ",1714419624.0
Kijanki gdzie?,0,1cfrnq7,gdansk,https://www.reddit.com/r/gdansk/comments/1cfrnq7/kijanki_gdzie/,3,"Chcemy z dzieÄ‡mi zÅ‚apaÄ‡ kilka, potrzymaÄ‡ (karmiÄ…c ofc.) w domu aÅ¼ dorosnÄ… i wypuÅ›ciÄ‡. 
W naszej okolicy skacze mnÃ³stwo maÅ‚ych Å¼abek jak przyjdzie sezon, ale nie udaÅ‚o mi siÄ™ dojrzeÄ‡ pÅ‚ywajÄ…cych kijanek w okolicznych zbiornikach. 

Czy znacie stawy/oczka w ktÃ³rych zawsze sÄ…?",1714369967.0
Swedish visitors on a business/discovery trip in gdansk.,4,1cf9dwj,gdansk,https://www.reddit.com/r/gdansk/comments/1cf9dwj/swedish_visitors_on_a_businessdiscovery_trip_in/,3,"Hej hej amazing poeple from Gdansk!
We are a bunch of workers and business owners from skellefteÃ¥ Sweden who wanna visit Poland for a trip to check out the country for business opportunities but also have fun while doing so! If you are a local and free between 7th till 11th of may then hook me up! You can hangout with us, show us around your lovely city and guide us through our stay. And if you were interested then you can come and say hello in sweden too someday. Since there is a direct flight between SkellefteÃ¥ and gdansk. ",1714319055.0
Local restaurant and bar ?,0,1cemty6,gdansk,https://www.reddit.com/r/gdansk/comments/1cemty6/local_restaurant_and_bar/,1,"Hi there !

I will be in Gdansk for two days and I'm looking for recommendations for local food and local drinks. 
Do you know any restaurants with local food and meals ? And bar with local or homemade alcohol ? 

If you have any advice about other type of place, I take it in consideration too :)

Thanks a lot.
",1714246362.0
Worried about going back to GdaÅ„sk from Opener festival ,2,1cedbqz,gdansk,https://www.reddit.com/r/gdansk/comments/1cedbqz/worried_about_going_back_to_gdaÅ„sk_from_opener/,20,"Hi everyone. Iâ€™m going to be traveling to Poland for the Opener festival in July and I have already bought the festival ticket but as I was checking for accommodation, it costs a lot to stay close to the festival area so I was thinking of staying in GdaÅ„sk. But Iâ€™m worried about the night lines? I see some on google maps (but that fucked me over once in a festival in Paris and I had no way of getting back until 5am), so since youâ€™re familiar with the area, are there regular night lines? Or e-bikes or smth I could probably use? Thanks in advance . Iâ€™m just a little bit stressed. ",1714220731.0
Must see/do May 2024,0,1cecumo,gdansk,https://www.reddit.com/r/gdansk/comments/1cecumo/must_seedo_may_2024/,16,"Hi guys,

I am travelling to Gdansk week of 13th of May to Gdansk for 4 nights.Are there any special festivals or activities that are must-see you could recommend? 

Also, what is the best beer to try? ",1714219159.0
What are the best bar mleczny in GdaÅ„sk?,0,1ceckca,gdansk,https://www.reddit.com/r/gdansk/comments/1ceckca/what_are_the_best_bar_mleczny_in_gdaÅ„sk/,6,,1714218164.0
Hotel recommendation?,1,1cdvqli,gdansk,https://www.reddit.com/r/gdansk/comments/1cdvqli/hotel_recommendation/,5,"Hi, I'll be visiting GdaÅ„sk for a couple of days and I'm thrilled to get to know this very interesting place.

Any recommendations regarding a nice (simple, central) hotel for 1 or 2 nights? Many, many thanks.",1714163430.0
Anyone to go try bachata ?,2,1cdk5ml,gdansk,https://www.reddit.com/r/gdansk/comments/1cdk5ml/anyone_to_go_try_bachata/,0,"Im 23 yo student from France but Im too shy to go learn Bachata 
I already go to siemanko!",1714134613.0
The Building of Old Town,7,1cdgpgz,gdansk,https://www.reddit.com/r/gdansk/comments/1cdgpgz/the_building_of_old_town/,6,"Was the old town built during the communist era?

I found it to be incredibly beautiful and well done.  I know a lot of it is just facades, but its so much better vibes than any city where I live. (Ireland)

Does anyone have any good info on the project?  I read that GdaÅ„sk was 90% destroyed after the war.",1714122347.0
"Lokalna grupa pro-obronna rekrutuje. Jak kogoÅ› jarajÄ… takie klimaty, a z WOT mu nie po drodze, to moÅ¼e tutaj?",0,1ccoi6o,gdansk,https://v.redd.it/foopprt6rlwc1,4,,1714040757.0
SiatkÃ³wka amatorska,7,1cc7o7d,gdansk,https://www.reddit.com/r/gdansk/comments/1cc7o7d/siatkÃ³wka_amatorska/,3,"Hej, chciaÅ‚abym zaczÄ…Ä‡ graÄ‡ w siatkÃ³wkÄ™ w Gdansku, najlepiej w okolicach centrum/Å›rÃ³dmieÅ›cia. KiedyÅ› graÅ‚am w szkolnej druÅ¼ynie i teraz chcÄ™ odÅ›wieÅ¼yÄ‡ sobie starÄ… zajawkÄ™ w ramach aktywnoÅ›ci fizycznej dla zdrowia. Znacie jakieÅ› miejsca, gdzie moÅ¼na pograÄ‡ rekreacyjnie, nie majÄ…c zbyt duÅ¼ego doÅ›wiadczenia? ",1713988087.0
ChciaÅ‚ tanio kupiÄ‡ mieszkanie. Fliper straciÅ‚ 15 tys. zÅ‚,75,1cbu0sj,gdansk,https://www.trojmiasto.pl/wiadomosci/Chcial-tanio-kupic-mieszkanie-Fliper-stracil-15-tys-zl-n188521.html,44,"Tak tutaj lubicie fliperÃ³w, Å¼e zapewne ten news zrobi wam dzieÅ„.",1713951465.0
Stag party ,0,1cbaivt,gdansk,https://www.reddit.com/r/gdansk/comments/1cbaivt/stag_party/,6,"And some guys might want to go to a strip club, are there safe, chill alternatives or is everything shady/ a scam? 

Cheers ",1713893408.0
Quizzes in English for international groups,6,1cb99hf,gdansk,https://www.reddit.com/r/gdansk/comments/1cb99hf/quizzes_in_english_for_international_groups/,1,"Hi!

Together with colleagues, I organize each month PubQuiz in English. Itâ€™s a fun, popular activity inspired by bar quizzes from UK. You can come alone or bring a team, face off with trivia questions, and, of course, the top teams win prizes (drinks, shots, cash). Our next PubQuiz in English is on Wednesday, 24.04.24. (Officyna Vinegre, 20:00)

We throw quizzes in a bunch of cities every month, and sometimes we make themed ones, like this Fridayâ€™s extra PubQuiz all about the TV series ""Friends."" Come along with your friends! Any team size works, and you just need a B1 level of English to have a good time.

PubQuiz has three rounds, each with 15 thought-provoking and surprising questions! Guess song titles, recognize movies, and test your general knowledge. It takes about two hours, and each game offers up to five prizes for the best teams (and also for the luckiest one).

If you would like to get to know us better, check out ourÂ [Facebook group](https://www.facebook.com/groups/1472747406643046)Â with all events and the websiteÂ [www.pubquiz.pl/pubquiz-in-english](http://www.pubquiz.pl/pubquiz-in-english)

https://preview.redd.it/je0l7frxb9wc1.png?width=1080&format=png&auto=webp&s=7d71b75b94a5c80bfc69eabc3939265cdc02ce7e

https://preview.redd.it/cu6omjjzb9wc1.jpg?width=1080&format=pjpg&auto=webp&s=638af8804c4b520125e08d07b8a1e489409274b2

",1713890383.0
Gym buddies?,3,1cb04qb,gdansk,https://www.reddit.com/r/gdansk/comments/1cb04qb/gym_buddies/,11,I'm starting to go back to gym these days and sometimes it's hard to get myself going. Any beginners here English/Polish speaking wanna go to gyms together? I'm a bit over 30 male. I'm near Wrzeszcz if that makes difference for anyone,1713863951.0
Bar not club ?,2,1c9nugz,gdansk,https://www.reddit.com/r/gdansk/comments/1c9nugz/bar_not_club/,4,"Hi lovely people,
I'm looking for a chilled bar or bar-cafe in Gdansk, where music is played in the evening, perhaps a dj somewhere in a corner, but not an official club. More like for chatting with friends, and perhaps later the music gets louder and people start dancing - or not. More like a relaxed student/young people bar with music background.
Could you recommend anything?
Many thanks!",1713721464.0
Restaurant recommendations,1,1c9celk,gdansk,https://www.reddit.com/r/gdansk/comments/1c9celk/restaurant_recommendations/,8,"Witam GdaÅ„sk!

This week I will be visiting your beautiful city, and I'm looking for recommendations for restaurants. Specifically, I prefer the ones with a calm ambiance. Fine dining would be fine, but not at the level where you have to dress up too much. Local cuisine and a good wine menu are a big plus!

All tips are appreciated, dziÄ™ki!",1713685906.0
Activities for kids (age 5) during the weekend? / do you have arts and crafts or pottery places here?,2,1c8jc1v,gdansk,https://www.reddit.com/r/gdansk/comments/1c8jc1v/activities_for_kids_age_5_during_the_weekend_do/,1,"Good morning Gdansk! Thanks to you Iâ€™ve already learned not to take taxisâ€¦ now Iâ€™m here for more advice.

 Iâ€™m here with my 5 year old. Is there anything special for kids during this weekend? She especially loves being creative, so maybe you have a place where we can do beads or paint pottery? 
Also Iâ€™m thinking of doing hevelianum? But there is also nauki experiment a bit further out? ",1713595200.0
Taxi driver doesnâ€™t take card?,0,1c86qpd,gdansk,https://www.reddit.com/r/gdansk/comments/1c86qpd/taxi_driver_doesnt_take_card/,13,"We just arrived to Gdansk today. We took a taxi, and when he dropped us off he Said no card, only cash? Is that normal here that you cant pay by card? ",1713557812.0
"My friend got a fine on the bus, i want help on how to manage it.",0,1c83o51,gdansk,https://www.reddit.com/r/gdansk/comments/1c83o51/my_friend_got_a_fine_on_the_bus_i_want_help_on/,3,"Hello, 

My friend was trying to buy ticket in those ticket machines in the bus, and his card got rejected, and when he wanted to try again, the inspector fined him.

Its the first time such thing happens to him, and i heard if its your first time you can send an email or something, and pay a way smaller amount.

Can you pls help to clarify?",1713550165.0
Questions about relocating to Gdansk,1,1c7w0qo,gdansk,https://www.reddit.com/r/gdansk/comments/1c7w0qo/questions_about_relocating_to_gdansk/,20,"Hi reddit,

I recently accepted an offer from a company in Gdansk and I am trying to do some research in terms of our relocation. The city looks absolutely stunning and Poland always had a special place in my heart, so this feels like a dream come true for me.

It is just me and my wife and we are both in our late 20s. If you can help me with the following questions I would really appreciate it.

1. Where can I look for rentals? I have seen some websites ([olx.pl](https://olx.pl) and [otodom.pl](https://otodom.pl)) but I am not sure about the accuracy of the information I am getting. Are there any big, trust-worthy real-estate agencies that I can talk to (in English)? Or will I have to wait until I am in the city to  look at the rentals more seriously? I don't want any Airbnb style short term deals or anything that is catered to students etc. The plan is to live in the city for the foreseeable future, and possibly indefinitely.
2. Our budget is around 6000 PLN per month for rent. Do you think this is a reasonable number for a flat close to city center? 1 bedroom, a living room and a kitchen is a must, a second study room would be nice but not necessary.
3. Most of the rentals that I have seen seem furnished and probably targeted towards students. I guess this is sort of expected as Gdansk has a lot of students. However, I have heard that in some countries it makes little to no difference in terms of rent whether you have it furnished or not (which is quite surprising TBH). In your opinion, how standard of a procedure to have rentals furnished and would it make a difference if we prefer non-furnished rentals?
4. Can I buy an apartment instead of renting? I believe I would need a permit for this, how hard is it to get this permit?
5. Are there any neighborhoods that you can suggest? I believe living close to the university is always a good idea for young couples, does this idea make sense for Gdansk as well? Are there any neighborhoods to avoid?
6. In you experience, do we need a dryer machine for clothes? In my country, the weather is not that humid so you can dry your clothes using drying racks, but I have heard this was not an option in some other humid countries.
7. What is the food like? What do you guys cook at home for a regular dinner and breakfast?
8. It is more than likely that I am missing a lot of things so what other general suggestions do you have? I am living in a Mediterranean climate (in Turkey to be more specific), are there any major differences that I should know about?

I know I posted a lot of questions but I am not looking for detailed answers to all of them. Any answer or suggestion would be really helpful. Thank you so much for all your answers.",1713530805.0
Biletomaty ,1,1c7vipe,gdansk,https://www.reddit.com/r/gdansk/comments/1c7vipe/biletomaty/,3,Czy we wszystkich GdaÅ„skich tramwajach/autobusach sÄ… biletomaty? ,1713529312.0
Passengers Pulaski 1936,1,1c7geu5,gdansk,https://www.reddit.com/r/gdansk/comments/1c7geu5/passengers_pulaski_1936/,1,"Hey, does anyone know how can I get the list of passengers onboard of a ship named SS Pulaski that was doing the Gdynia - South America line in 1936? Thanks
",1713478719.0
Handmade souvenir in Gdansk,1,1c7bneo,gdansk,https://www.reddit.com/r/gdansk/comments/1c7bneo/handmade_souvenir_in_gdansk/,2,Visiting for the first time. Is there any places where I could buy a handmade fridge magnet? Like ceramics or something?,1713467283.0
Ankieta na studia ,0,1c75mwc,gdansk,https://docs.google.com/forms/d/e/1FAIpQLSddud6qymUMy--khjlh4n1tRKmQ1VGE78uDtJqNeELb6mBXZg/viewform?usp=sf_link,8,"Hejka wszystkim. JeÅ›li sÄ… tu osoby z depresjÄ… bardzo bym prosiÅ‚a o wypeÅ‚nienie ankiety koleÅ¼anki gdyÅ¼ brakuje jej jeszcze trochÄ™ gÅ‚osÃ³w. Z gÃ³ry bardzo dziÄ™kujÄ™ :). 

",1713452792.0
How is the weather so far? ,0,1c6z7u8,gdansk,https://www.reddit.com/r/gdansk/comments/1c6z7u8/how_is_the_weather_so_far/,6,I will visit gdansk next week. Is it snowing?,1713433168.0
Hey help me find good sausages in Poland ,2,1c6o6bz,gdansk,https://www.reddit.com/r/gdansk/comments/1c6o6bz/hey_help_me_find_good_sausages_in_poland/,11,"Thing is there are all sorts of sausages in stores but I'm not familiar with them or especially there name  in polish, so suggest few of your favorites, dziekuje ",1713395359.0
Best pierogi in GdaÅ„sk?,0,1c6jfwu,gdansk,https://www.reddit.com/r/gdansk/comments/1c6jfwu/best_pierogi_in_gdaÅ„sk/,6,"Iâ€™ve been to Pierogarnia Stary MÅ‚yn and found it good. 

But where is the BEST?",1713383715.0
Who is this in GdaÅ„sk?,146,1c66u9q,gdansk,https://i.redd.it/6gp6pfkztwuc1.png,42,,1713351335.0
JakÄ… szkoÅ‚Ä™ Å›redniÄ… polecacie w GdaÅ„sku?,4,1c64ydy,gdansk,https://www.reddit.com/r/gdansk/comments/1c64ydy/jakÄ…_szkoÅ‚Ä™_Å›redniÄ…_polecacie_w_gdaÅ„sku/,19,,1713343852.0
Klub w Å›rodÄ™,0,1c5fn4u,gdansk,https://www.reddit.com/r/gdansk/comments/1c5fn4u/klub_w_Å›rodÄ™/,1,"Hej, jest w mieÅ›cie miejsce albo klub gdzie siÄ™ coÅ› dzieje w Å›rodÄ™? ",1713272803.0
Kolumny radiowozÃ³w na sygnale codziennie na S6 i S7.,3,1c5c5xg,gdansk,https://www.reddit.com/r/gdansk/comments/1c5c5xg/kolumny_radiowozÃ³w_na_sygnale_codziennie_na_s6_i/,3,"Co siÄ™ dzieje, Å¼e od jesieni praktycznie codziennie jadÄ… kolumny w jednÄ… stronÄ™ rano, w drugÄ… wieczorem na sygnale po S6 i S7?",1713261057.0
Any good English barbers you guys recommend ?,0,1c56ora,gdansk,https://www.reddit.com/r/gdansk/comments/1c56ora/any_good_english_barbers_you_guys_recommend/,5,I am an International student and I have been studying in GdaÅ„sk for two months now. I have been looking in the internet but I can't decide which one to go.,1713239804.0
Free parking in elblag or gdansk,0,1c4ka46,gdansk,https://www.reddit.com/r/gdansk/comments/1c4ka46/free_parking_in_elblag_or_gdansk/,15,"Hello everyone! I plan to go with my car to Elblag and take a connection from there to Kaliningrad, is there some place I could park my car for free for a week, if there isn't any in Elblag, Gdansk is also a viable solution. ",1713182000.0
"English speaking Wedding photographer in GdaÅ„sk?, recommendations please ",0,1c4jbdo,gdansk,https://www.reddit.com/r/gdansk/comments/1c4jbdo/english_speaking_wedding_photographer_in_gdaÅ„sk/,2,"Hi, can anyone recommend an English speaking wedding photographer in GdaÅ„sk? 

Thanks in advance!",1713178728.0
Moving from Gdansk to Cracow- advice appreciated! ,4,1c4iwrw,gdansk,https://www.reddit.com/r/gdansk/comments/1c4iwrw/moving_from_gdansk_to_cracow_advice_appreciated/,8,"Hey everyone! 

My husband and I relocating from Gdansk to Cracow in the next couple of weeks.  

We have to move our items ( no furniture, maybe a TV) and are thinking of hiring some movers. I have a sense we might require a mid- sized van.  

1. Does anyone have any recommendations for movers that you can point me to? 

2. What are some rates we can expect for this? 

We do not drive here so we unfortunately cannot do this ourselves :( 

Thank you! ğŸŒ¸

",1713177162.0
Bar bezalkoholowy w centrum,11,1c3qgi2,gdansk,https://www.reddit.com/r/gdansk/comments/1c3qgi2/bar_bezalkoholowy_w_centrum/,11,"Witajcie, ostatnio byÅ‚em w nowym barze bezalkoholowym na piwnej (Chyba dromader ale sadze tylko po tym ze maja wielblada w logo XD). Dziewczyny bardzo miÅ‚e, drinki naprawde nieÅºle odzwierciedlajÄ… alkocholowe wersje, obsÅ‚uga w jÄ™zyku angielskim w perfekcyjnym stopniu (akurat byÅ‚em z koleÅ¼ankÄ… ktÃ³rej Å‚atwiej sie rozmawia po angiesku na ten moment). 

Problem jest z tym Å¼e to niby centrum miasta a podobno brak klientÃ³w. Co sÄ…dzicie o takich pomysÅ‚ach? Wychodzicie z zaÅ‚oÅ¼enia Å¼e jak siÄ™ nie najebiesz to nie warto wydawaÄ‡ kasy? W ogÃ³le wiecie Å¼e macie taki bar albo Å¼e takowe istniejÄ…? Mam wraÅ¼enie Å¼e coraz mniej osÃ³b pije przez co nie ma gdzie wyjÅ›Ä‡ gdzie indziej niÅ¼ na Å¼arcie wiÄ™c sÄ…dziÅ‚em Å¼e lokal bÄ™dzie oblegany a tu taki lekki szok.",1713090558.0
Recommendations,2,1c3owt2,gdansk,https://www.reddit.com/r/gdansk/comments/1c3owt2/recommendations/,3,"Hi 

I recently moved to Gdansk and looking for a rental apartment for myself and my wife. 
I have a golden retriever as well but in India as of now and only if we get a place, we will bring him.

Since I am too new I have least idea about places. 

I have a budget of 4000 zl/month including everything.  

Any recommendations are highly appreciated. My office is on Aleja Grunwaldzka. 

Thanks in advance ğŸ˜Š 

P.S : No car yet but plan to get it in next 3-4 months",1713084181.0
Gastroskopia? Dietetyk? ,1,1c3cp0j,gdansk,https://www.reddit.com/r/gdansk/comments/1c3cp0j/gastroskopia_dietetyk/,2,"Hej wszystkim, 

Mieszkam za granicÄ…, bÄ™dÄ™ w GdaÅ„sku na poczÄ…tku Maja miÄ™dzy 2gim a 5tym.  ChiaÅ‚abym wykonaÄ‡ gastroskopiÄ™ pod narkozÄ… ktÃ³rÄ… miaÅ‚am robionÄ… w tamtym roku w Styczniu w Katowicach. 

Czy ktoÅ› moÅ¼e mi poradziÄ‡ gdzie powinnam siÄ™ zgÅ‚osiÄ‡? 

DzwoniÅ‚am do paru klinik z Google ale nie mogÄ™ znaleÅºÄ‡ miejsca gdzie daÅ‚o by radÄ™ to wykonaÄ‡. 

To tylko za 3 tygodnie ale mam nadzieje Å¼e coÅ› znajdÄ™, czy ktoÅ› mÃ³gÅ‚by mi pomÃ³c i coÅ› poleciÄ‡? 

Dietetyk kliniczny teÅ¼ by siÄ™ przydaÅ‚. 

Z gÃ³ry dziÄ™kuje! ",1713043729.0
Looking for good house clubs in Gdansk,2,1c3bn66,gdansk,https://www.reddit.com/r/gdansk/comments/1c3bn66/looking_for_good_house_clubs_in_gdansk/,14,"Me and a few friends are going to Gdansk in may and we're looking for recommendations on clubs that play decent danceable house music (not edm or ""basic"" club music). So in other words just a club which focuses on the dancefloor and good music. We'll probably be checking out Bunkier and/or Crackhouse but I expect they will be playing straight up techno mostly which is nice, but can be a bit much if you're not in the mood. 

If anyone knows what I'm talking about and have some good spot(s) I would greatly appreciate it!",1713040943.0
Hi how I heard there is a concentration camp museum outside off Gdansk  ,2,1c39v1t,gdansk,https://www.reddit.com/r/gdansk/comments/1c39v1t/hi_how_i_heard_there_is_a_concentration_camp/,6,How would I get there  on public transport if possible as I am in city for 4 days  would like to visit if possible ,1713036246.0
Lechia GdaÅ„sk vs Bruk-Bet Termalica,3,1c33fhl,gdansk,https://www.reddit.com/r/gdansk/comments/1c33fhl/lechia_gdaÅ„sk_vs_brukbet_termalica/,6,"I am visiting from the US and have never been to a football match in Europe and am interested in attending tomorrows match between Lechia GdaÅ„sk and Bruk-Bet Termalica
Any advice? From browsing I see recommendations to not sit with the ultras behind the goalkeeper.
I also donâ€™t have any fan gear, do I need to go buy something? (Iâ€™m assuming a scarf but unsure where to get one)
And I do see a few tickets online, but is it possible to go tomorrow and buy at the stadium? I see some VIP silver tickets available and seems like this is recommended as it includes food and drink.
Much appreciated!",1713019039.0
Are there any river cruises that go from Gdansk to Gdynia?,2,1c2yicb,gdansk,https://www.reddit.com/r/gdansk/comments/1c2yicb/are_there_any_river_cruises_that_go_from_gdansk/,14,,1713002919.0
BÃ¡nh mÃ¬ resturants,2,1c2yd12,gdansk,https://www.reddit.com/r/gdansk/comments/1c2yd12/bÃ¡nh_mÃ¬_resturants/,1,Hi are there any resturants in the area that has bahn mi ?,1713002330.0
Friends trip to Gdansk,1,1c2lsqj,gdansk,https://www.reddit.com/r/gdansk/comments/1c2lsqj/friends_trip_to_gdansk/,0,"Hey - weâ€™re travelling to Gdansk in early August for a fun joint birthday weekend with a big mixed group of 12. Weâ€™ll want to party, go to the beach and explore the beautiful city. I wondered if anyone knows a guide who can show us to good clubs/party places as well as help us organise a day boat trip? The only things I can find online are big companies that organise stag and hen group pub crawls etc, and weâ€™d rather find someone more local if we can!  We canâ€™t wait to visit, it looks amazing. Thanks ğŸ™",1712959753.0
"Rotmanka, GdaÅ„sk County",9,1c2dgm7,gdansk,https://www.reddit.com/gallery/1c2dgm7,2,,1712939124.0
Looking for Best Pierogi in GdaÅ„sk,4,1c2bfig,gdansk,https://www.reddit.com/r/gdansk/comments/1c2bfig/looking_for_best_pierogi_in_gdaÅ„sk/,22,My sister and I will be visiting GdaÅ„sk for several days and are looking for the best pierogi.  We want to stay away from tourist restaurants.  We are looking for pierogi like how our grandmother used to make.  Suggestions for fruit pierogi are also welcome.  Thank you!,1712934252.0
"Rotmanka, Powiat GdaÅ„ski",0,1c2749e,gdansk,https://www.reddit.com/gallery/1c2749e,1,,1712922492.0
Is this salary enough? ,0,1c22bp9,gdansk,https://www.reddit.com/r/gdansk/comments/1c22bp9/is_this_salary_enough/,32,"Hello! I've been offered a job that pays 8000zl before taxes. Do you think that this is enough to live comfortably in Gdansk?

Thanks!",1712903861.0
Best burger & pizza Gdansk,0,1c1jqgi,gdansk,https://www.reddit.com/r/gdansk/comments/1c1jqgi/best_burger_pizza_gdansk/,8,"Where can we get the best burger in gdansk?

Allso, a good place to eat pizza?

Han_kisen",1712853671.0
Gdzie moÅ¼na naprawiÄ‡ walkmana,0,1c1j9ln,gdansk,https://www.reddit.com/r/gdansk/comments/1c1j9ln/gdzie_moÅ¼na_naprawiÄ‡_walkmana/,8,"CzeÅ›Ä‡, ostatnio w moje rÄ™ce wpadÅ‚ Walkman Sony, tylko Å¼e od poczÄ…tku pojawiÅ‚ siÄ™ problem z szumieniem podczas grania, a pÃ³Åºniej doszÅ‚o kilka innych. ByÅ‚em juÅ¼ w serwisie w moim rodzinnym mieÅ›cie i tam goÅ›ciu mi powiedziaÅ‚, Å¼e to moÅ¼e naprawiÄ‡ tylko â€autoryzowany serwis sonyâ€. PowiedziaÅ‚ teÅ¼, Å¼e takowy znajdujÄ™ siÄ™ w Gdyni ale nie powiedziaÅ‚ gdzie. ZrobiÅ‚em podstawowy research ale nie znalazÅ‚em nic ciekawego, dlatego bardzo byÅ‚bym wdziÄ™czny za pomoc",1712852520.0
Where do you guys wash you cars?,1,1c1ddfk,gdansk,https://www.reddit.com/r/gdansk/comments/1c1ddfk/where_do_you_guys_wash_you_cars/,3,"I use the self service auto wash on BP gas station. The rate is 2zÅ‚ for 40 seconds during the day and 60 seconds for 2zÅ‚ after 23.00. During the day I manage a full wash for 20zÅ‚.

Any better deals out there?

&#x200B;

 ",1712837149.0
12-14 april in gdansk,2,1c0s9k5,gdansk,https://www.reddit.com/r/gdansk/comments/1c0s9k5/1214_april_in_gdansk/,2,"Hello! Anything cool out of the ordenary happening in gdansk this coming weekend? Concerts events etc?

Thx!",1712772669.0
